option_internal_id~option_json~option_label~optionset_internal_id
4~{"id": 4, "type": "Swatch", "label": "First hand", "values": [{"id": 1, "value": "Light", "sort_id": 1, "tooltip": "1", "bg_color": "#F9DACF", "image_id": 1, "selected": true, "thumb_image": null, "bg_color_alpha": 1}, {"id": 2, "value": "Tan", "sort_id": 2, "tooltip": "2", "bg_color": "#D8A79A", "image_id": 2, "selected": false, "thumb_image": null, "bg_color_alpha": 1}, {"id": 3, "value": "Olive", "sort_id": 3, "tooltip": "3", "bg_color": "#B97B67", "image_id": 3, "selected": false, "thumb_image": null, "bg_color_alpha": 1}, {"id": 4, "value": "Brown", "sort_id": 4, "tooltip": "4", "bg_color": "#93594A", "image_id": 4, "selected": false, "thumb_image": null, "bg_color_alpha": 1}, {"id": 5, "value": "Black", "sort_id": 5, "tooltip": "5", "bg_color": "#5C3929", "image_id": 5, "selected": false, "thumb_image": null, "bg_color_alpha": 1}], "checked": false, "sort_id": 10, "optionId": 53217861, "required": false, "functions": [{"id": 1, "type": "image", "image_id": "4"}], "libraryId": 565929, "option_id": 53217861, "conditions": [], "hide_visually": false, "variation_conditions": []}~First hand~0df4dffd-0ae1-41a3-8898-454d9631f86b
5~{"id": 5, "type": "Swatch", "label": "Second hand", "values": [{"id": 2, "value": "Light", "sort_id": 1, "tooltip": "Light", "bg_color": "#F9DACF", "image_id": 2, "selected": true, "thumb_image": null, "bg_color_alpha": 1}, {"id": 3, "value": "Tan", "sort_id": 2, "tooltip": "Tan", "bg_color": "#D8A79A", "image_id": 3, "selected": false, "thumb_image": null, "bg_color_alpha": 1}, {"id": 4, "value": "Olive", "sort_id": 3, "tooltip": "Olive", "bg_color": "#B97B67", "image_id": 4, "selected": false, "thumb_image": null, "bg_color_alpha": 1}, {"id": 5, "value": "Brown", "sort_id": 4, "tooltip": "Brown", "bg_color": "#93594A", "image_id": 5, "selected": false, "thumb_image": null, "bg_color_alpha": 1}, {"id": 6, "value": "Black", "sort_id": 5, "tooltip": "Black", "bg_color": "#5C3929", "image_id": 6, "selected": false, "thumb_image": null, "bg_color_alpha": 1}], "checked": false, "sort_id": 11, "optionId": 53217852, "required": false, "functions": [{"id": 1, "type": "image", "image_id": "5"}], "libraryId": 716073, "option_id": 53217852, "conditions": [], "hide_visually": false, "variation_conditions": []}~Second hand~0df4dffd-0ae1-41a3-8898-454d9631f86b
2~{"id": 2, "type": "Swatch", "label": "Couple names Color", "values": [{"id": 1, "value": "Text Color 1", "sort_id": 1, "tooltip": "Text Color 1", "bg_color": "#000000", "color_id": 1}, {"id": 2, "value": "Text Color 2", "sort_id": 2, "tooltip": "Text Color 2", "bg_color": "#FFFFFF", "color_id": 2}], "checked": false, "sort_id": 9, "optionId": 53217857, "required": false, "functions": [{"id": 1, "type": "color", "text_id": "3"}], "option_id": 53217857, "conditions": [], "hide_visually": true, "variation_conditions": []}~Couple names Color~0df4dffd-0ae1-41a3-8898-454d9631f86b
7~{"id": 7, "type": "Dropdown", "label": "Titles", "isMain": true, "values": [{"id": 442872, "value": "You & me", "sort_id": 1, "bg_color": "#ffffff", "selected": true, "thumb_image": "https://cdn.customily.com/shopify/assetFiles/swatches/ilustracion-customily.myshopify.com/22d77a2c-bfc0-46d8-8b61-7ec51d9ff42c/7/9151da82-28d0-4542-8491-8c66f039a879.png", "bg_color_alpha": 1}, {"id": 442873, "value": "Happily ever after", "sort_id": 2, "bg_color": "#ffffff", "selected": false, "thumb_image": "https://cdn.customily.com/shopify/assetFiles/swatches/ilustracion-customily.myshopify.com/22d77a2c-bfc0-46d8-8b61-7ec51d9ff42c/7/ed1ed3fe-dde3-4dc1-941c-f002f8ac9a24.png", "bg_color_alpha": 1}, {"id": 442874, "value": "Partners for life", "sort_id": 3, "bg_color": "#ffffff", "selected": false, "thumb_image": "https://cdn.customily.com/shopify/assetFiles/swatches/ilustracion-customily.myshopify.com/22d77a2c-bfc0-46d8-8b61-7ec51d9ff42c/7/1a0cdb26-ae27-425e-8613-f68953a95ebc.png", "bg_color_alpha": 1}, {"id": 442875, "value": "I love making memories with you", "sort_id": 4, "bg_color": "#ffffff", "selected": false, "thumb_image": "https://cdn.customily.com/shopify/assetFiles/swatches/ilustracion-customily.myshopify.com/22d77a2c-bfc0-46d8-8b61-7ec51d9ff42c/7/4311fe57-914b-4cbb-ba31-1e1ed06cb027.png", "bg_color_alpha": 1}, {"id": 442876, "value": "No place like home", "sort_id": 5, "bg_color": "#ffffff", "selected": false, "thumb_image": "https://cdn.customily.com/shopify/assetFiles/swatches/ilustracion-customily.myshopify.com/22d77a2c-bfc0-46d8-8b61-7ec51d9ff42c/7/e21263ee-ab7b-4d4e-96f6-d12010ca25fc.png", "bg_color_alpha": 1}, {"id": 442877, "value": "phan cong sinh", "sort_id": 6, "selected": false}], "checked": false, "sort_id": 1, "optionId": 53217853, "required": false, "functions": [], "libraryId": 716152, "option_id": 53217853, "conditions": [], "hide_visually": false, "variation_conditions": []}~Titles~0df4dffd-0ae1-41a3-8898-454d9631f86b
8~{"id": 8, "type": "Swatch", "label": "You & me", "values": [{"id": 1, "value": "You & me (black)", "sort_id": 1, "tooltip": "You & me (black)", "bg_color": "#ffffff", "image_id": 1, "selected": true, "thumb_image": "/assetFiles/swatches/sinhpcbaking.myshopify.com/0df4dffd-0ae1-41a3-8898-454d9631f86b/8/637f1304-69ac-4801-b6b9-37d209a76b6f.png", "bg_color_alpha": 1}, {"id": 2, "value": "You & me (white)", "sort_id": 2, "tooltip": "You & me (white)", "bg_color": "#ffffff", "image_id": 2, "selected": false, "thumb_image": "/assetFiles/swatches/sinhpcbaking.myshopify.com/0df4dffd-0ae1-41a3-8898-454d9631f86b/8/87efa14f-ccc8-49af-97cf-72dd0456d5e0.png", "bg_color_alpha": 1}], "checked": false, "sort_id": 2, "optionId": 53217854, "required": false, "functions": [{"id": 1, "type": "image", "image_id": "1"}], "libraryId": 716152, "option_id": 53217854, "conditions": [{"id": 1, "action": "show", "watch_option": 7, "desired_value": [442872]}], "isCategory": 442872, "hide_visually": true, "variation_conditions": []}~You & me~0df4dffd-0ae1-41a3-8898-454d9631f86b
9~{"id": 9, "type": "Swatch", "label": "Happily ever after", "values": [{"id": 3, "value": "Happily ever after", "sort_id": 1, "tooltip": "Happily ever after", "bg_color": "#ffffff", "image_id": 3, "selected": true, "thumb_image": "/assetFiles/swatches/sinhpcbaking.myshopify.com/0df4dffd-0ae1-41a3-8898-454d9631f86b/9/b7e2eb02-64a6-4388-9851-0210f8bb8e63.png", "bg_color_alpha": 1}, {"id": 4, "value": "Happily ever after (White)", "sort_id": 2, "tooltip": "Happily ever after (White)", "bg_color": "#ffffff", "image_id": 4, "selected": false, "thumb_image": "/assetFiles/swatches/sinhpcbaking.myshopify.com/0df4dffd-0ae1-41a3-8898-454d9631f86b/9/c23f862a-ed80-4435-a136-582e356d8888.png", "bg_color_alpha": 1}], "checked": false, "sort_id": 3, "optionId": 53217858, "required": false, "functions": [{"id": 1, "type": "image", "image_id": "1"}], "libraryId": 716152, "option_id": 53217858, "conditions": [{"id": 1, "action": "show", "watch_option": 7, "desired_value": [442873]}], "isCategory": 442873, "hide_visually": true, "variation_conditions": []}~Happily ever after~0df4dffd-0ae1-41a3-8898-454d9631f86b
10~{"id": 10, "type": "Swatch", "label": "Partners for life", "values": [{"id": 5, "value": "Partners for life (black)", "sort_id": 1, "tooltip": "Partners for life (black)", "bg_color": "#ffffff", "image_id": 5, "selected": true, "thumb_image": "/assetFiles/swatches/sinhpcbaking.myshopify.com/0df4dffd-0ae1-41a3-8898-454d9631f86b/10/18bd0df3-7666-4524-a3cf-14aff709d84e.png", "bg_color_alpha": 1}, {"id": 6, "value": "No place like home (white)", "sort_id": 2, "tooltip": "No place like home (white)", "bg_color": "#ffffff", "image_id": 6, "selected": false, "thumb_image": "/assetFiles/swatches/sinhpcbaking.myshopify.com/0df4dffd-0ae1-41a3-8898-454d9631f86b/10/8e61363b-af9c-406d-a1c4-adf022f144fb.png", "bg_color_alpha": 1}], "checked": false, "sort_id": 4, "optionId": 53217859, "required": false, "functions": [{"id": 1, "type": "image", "image_id": "1"}], "libraryId": 716152, "option_id": 53217859, "conditions": [{"id": 1, "action": "show", "watch_option": 7, "desired_value": [442874]}], "isCategory": 442874, "hide_visually": true, "variation_conditions": []}~Partners for life~0df4dffd-0ae1-41a3-8898-454d9631f86b
11~{"id": 11, "type": "Swatch", "label": "I love making memories with you", "values": [{"id": 7, "value": "I love making memories with you (black)", "sort_id": 1, "tooltip": "I love making memories with you (black)", "bg_color": "#ffffff", "image_id": 7, "selected": true, "thumb_image": "/assetFiles/swatches/sinhpcbaking.myshopify.com/0df4dffd-0ae1-41a3-8898-454d9631f86b/11/0519d951-e90e-4ecb-bf40-79f1cdafef57.png", "bg_color_alpha": 1}, {"id": 8, "value": "I love making memories with you (white)", "sort_id": 2, "tooltip": "I love making memories with you (white)", "bg_color": "#ffffff", "image_id": 8, "selected": false, "thumb_image": "/assetFiles/swatches/sinhpcbaking.myshopify.com/0df4dffd-0ae1-41a3-8898-454d9631f86b/11/0ac7b947-5061-4c2a-84f2-bf4167161d9e.png", "bg_color_alpha": 1}], "checked": false, "sort_id": 5, "optionId": 53217855, "required": false, "functions": [{"id": 1, "type": "image", "image_id": "1"}], "libraryId": 716152, "option_id": 53217855, "conditions": [{"id": 1, "action": "show", "watch_option": 7, "desired_value": [442875]}], "isCategory": 442875, "hide_visually": true, "variation_conditions": []}~I love making memories with you~0df4dffd-0ae1-41a3-8898-454d9631f86b
12~{"id": 12, "type": "Swatch", "label": "No place like home", "values": [{"id": 9, "value": "No place like home (black)", "sort_id": 1, "tooltip": "No place like home (black)", "bg_color": "#ffffff", "image_id": 9, "selected": true, "thumb_image": "/assetFiles/swatches/sinhpcbaking.myshopify.com/0df4dffd-0ae1-41a3-8898-454d9631f86b/12/430bc824-e4c2-4b4d-9a61-ba34bf21c943.png", "bg_color_alpha": 1}, {"id": 10, "value": "I love making memories with you (white)", "sort_id": 2, "tooltip": "I love making memories with you (white)", "bg_color": "#ffffff", "image_id": 10, "selected": false, "thumb_image": "/assetFiles/swatches/sinhpcbaking.myshopify.com/0df4dffd-0ae1-41a3-8898-454d9631f86b/12/bdbde092-c970-46e7-9773-7987596d8828.png", "bg_color_alpha": 1}], "checked": false, "sort_id": 6, "optionId": 53217856, "required": false, "functions": [{"id": 1, "type": "image", "image_id": "1"}], "libraryId": 716152, "option_id": 53217856, "conditions": [{"id": 1, "action": "show", "watch_option": 7, "desired_value": [442876]}], "isCategory": 442876, "hide_visually": true, "variation_conditions": []}~No place like home~0df4dffd-0ae1-41a3-8898-454d9631f86b
3~{"id": 3, "type": "Dropdown", "label": "Background", "values": [{"id": 1, "value": "Snow falling", "sort_id": 1, "tooltip": "1 - Snow", "bg_color": "#ffffff", "image_id": 1, "selected": false, "thumb_image": "https://cdn.customily.com/shopify/assetFiles/swatches/ilustracion-customily.myshopify.com/22d77a2c-bfc0-46d8-8b61-7ec51d9ff42c/3/ade602cc-9b1a-4c29-a51c-9517cf89763b.png", "bg_color_alpha": 1}, {"id": 2, "value": "Snow arch", "sort_id": 2, "tooltip": "2 - Snow", "bg_color": "#ffffff", "image_id": 2, "selected": false, "thumb_image": "https://cdn.customily.com/shopify/assetFiles/swatches/ilustracion-customily.myshopify.com/22d77a2c-bfc0-46d8-8b61-7ec51d9ff42c/3/9f69b4d7-9077-4699-bc85-4e5e950777aa.png", "bg_color_alpha": 1}, {"id": 3, "value": "Line", "sort_id": 3, "tooltip": "3 - Line", "bg_color": "#ffffff", "image_id": 3, "selected": false, "thumb_image": "https://cdn.customily.com/shopify/assetFiles/swatches/ilustracion-customily.myshopify.com/22d77a2c-bfc0-46d8-8b61-7ec51d9ff42c/3/0abbd819-aaf4-4003-8f49-3755cbdbba27.png", "bg_color_alpha": 1}], "checked": false, "sort_id": 7, "optionId": 53217860, "required": false, "functions": [{"id": 1, "type": "image", "image_id": "2"}], "libraryId": 713824, "option_id": 53217860, "conditions": [], "hide_visually": false, "variation_conditions": []}~Background~0df4dffd-0ae1-41a3-8898-454d9631f86b
1~{"id": 1, "type": "Text Input", "label": "Couple names", "checked": false, "sort_id": 8, "optionId": 53217851, "required": false, "functions": [{"id": 1, "type": "text", "text_id": "3"}], "option_id": 53217851, "add_chains": false, "conditions": [], "is_textarea": false, "hide_visually": false, "variation_conditions": []}~Couple names~0df4dffd-0ae1-41a3-8898-454d9631f86b
